Classifier,ACC,Recall,F1
Classifier 1,0.885831752055661,0.7514140960682653,0.7594906017609312
Classifier 2,0.9519291587602783,0.8560427418375562,0.8600533686689769
