Classifier,ACC,Recall,F1
Classifier 1,0.889943074003795,0.7267945700349091,0.7327691536600818
Classifier 2,0.9519291587602783,0.8560427418375562,0.8600533686689769
