iter	MultiClass
0	0.6842724838
1	0.4889804569
2	0.4223963329
3	0.3689966907
4	0.328967192
5	0.2947531007
6	0.2713948475
7	0.245637089
8	0.2295675561
9	0.2175473553
10	0.1989577425
11	0.187120488
12	0.1782893905
13	0.1724450525
14	0.1661975432
15	0.1585285409
16	0.152864131
17	0.1449778123
18	0.1399690267
19	0.1360519031
