Classifier,ACC,Recall,F1
Classifier 1,0.8893105629348513,0.7579185181346276,0.7646605206550685
Classifier 2,0.9519291587602783,0.8560427418375562,0.8600533686689769
