Classifier,ACC,Recall,F1
Classifier 1,0.8874130297280203,0.7560598660566037,0.7588853999913882
Classifier 2,0.9519291587602783,0.8560427418375562,0.8600533686689769
