Classifier,ACC,Recall,F1
Classifier 1,0.7533206831119544,0.6008159823254396,0.6203365222596371
Classifier 2,0.9519291587602783,0.8560427418375562,0.8600533686689769
