Metryka,Kroswalidacja,Testowanie
Accuracy,0.15784730269087163,0.1568627450980392
Recall,0.15784730269087163,0.1568627450980392
F1 Score,0.04303809476237265,0.04253904951811233
AUC,error,error
